[
{
    "id":"1",
    "judul":"Break My Case Rilis 9 Mei 2024",
    "kreator":"felicia",
    "img_url":"https:\/\/breakmycase.com\/app\/themes\/breakmycase_v0\/assets\/images\/pc\/index\/img_kv.png",
    "ringkasan":"Game baru garapan coly Inc. akan segera dirilis pada 9 Mei mendatang. Game ini memiliki latar sebuah kafe\/bar dengan karakter unik.",
    "isi":"Game garapan coly Inc. akan segera dirilis pada 9 Mei mendatang sejak diumumkan November 2023 lalu. Game ini memiliki latar sebuah kafe\/bar dengan anggota-anggota unik.\nGameplay utamanya merupakan Groovy Match Puzzle yaitu match 3 puzzle namun dengan tambahan ritmik di mana tiles hanya akan hilang saat sick bar melalui tiles tersebut.\nSelain Groovy Match Puzzle, pemain juga dapat menikmati cerita full-voiced, mode jalan-jalan dan gacha."
},
{
    "id":"2",
    "judul":"Game petualangan baru garapan Liber",
    "kreator":"felicia",
    "img_url":"https:\/\/app.famitsu.com\/wp-content\/uploads\/2024\/04\/sub1-58.jpg",
    "ringkasan":"Liber Entertainment telah mulai mempromosikan game garapan terbarunya yaitu 18Trip.",
    "isi":"18Trip direncanakan akan rilis pada musim panas nanti. Game ini mengambil latar sebuah pulau dengan beberapa kecamatan yang masing-masing memiliki camatnya.\nPermainan berfokus pada traveling dan fotografi dengan berbagai macam karakter mulai dari anak SMA hingga android."
},
{
    "id":"3",
    "judul":"Kamen Rider dengan genre Joseimuke",
    "kreator":"felicia",
    "img_url":"https:\/\/www.ride-kamens.com\/images\/common\/roundup_mask.png",
    "ringkasan":"Serial tokusatsu terkenal Kamen Rider kembali hadir dikemas dengan genre joseimuke dengan judul Ride Kamens",
    "isi":"Joseimuke berarti ditargetkan kepada wanita. Ride Kamens merupakan game aplikasi HP dari Kamen Rider yang akan dirilis musim panas nanti. 16 karakter baru telah diperkenalkan.\nKamen Rider merupakan seri dengan audiens laki-laki sebagai target utama namun kali ini mereka memutuskan untuk membuat seri dengan target berbeda yaitu wanita."
}
]
